source_platform,source_url,pain_target,pain_detail,desired_solution,alternatives_mentioned,cluster_id,cluster_name,opportunity_score,key_quote
wishket,https://www.wishket.com/project/138918/,물류/영업 통합 운영 담당자,"물류센터·구매팀·영업팀 간 데이터 분산으로 동일 시트 접근 불가, 정보 공유 비효율",구글 스프레드시트 기반 통합 관리 시스템 구축,Google Sheets;Google Apps Script,C3,물류 통합 관리 시스템,63,"물류센터, 구매팀, 영업팀이 동일한 시트에서 필요한 정보를 접근할 수 있도록 구성"
wishket,https://www.wishket.com/project/10693/,물류 서비스 이용자 (발송인/수취인),물류 서비스의 모바일 채널 부재 — Android/iOS 앱으로 접근 불가,물류 서비스 Android·iOS 앱 구축,,C2,택배/배송 매칭 앱,78,물류 서비스를 위한 안드로이드 및 iOS 앱 서비스 구축 프로젝트
wishket,https://www.wishket.com/project/134192/,택배 의뢰인 및 물류 부자재 구매자,택배 매칭과 물류 부자재 구매를 한 앱에서 처리하는 디지털 채널 부재,택배 매칭 + 물류 부자재 구매 통합 Android/iOS 앱 (디자인+개발),Android;iOS,C2,택배/배송 매칭 앱,78,"택배(물류) 매칭 및 물류 부자재 구매를 위한 Android, iOS 앱 디자인 및 개발 프로젝트"
wishket,https://www.wishket.com/project/128097/,택배 의뢰인 및 물류 부자재 구매자,택배 매칭·부자재 구매 통합 앱 구축 필요 (디자인 후속 개발 단계),택배 매칭 + 물류 부자재 구매 통합 Android/iOS 앱 구축,Android;iOS,C2,택배/배송 매칭 앱,78,"택배(물류) 매칭 및 물류 부자재 구매를 위한 Android, iOS 앱 구축 프로젝트"
wishket,https://www.wishket.com/project/142417/,공장 물류 자동화 시스템 운영팀,AMR/AGF(자율주행 로봇/무인지게차) 위치관제 대시보드 UI 노후화 — 현장 가시성 저하,AMR/AGF 위치관제 대시보드 UI 개선,AMR;AGF;Dashboard,C1,물류 자동화 & ERP 연동,82,AMR/AGF(자율주행 물류로봇/무인지게차)를 사용하여 구축된 시스템의 위치관제 대시보드 UI 개선 프로젝트
wishket,https://www.wishket.com/project/130140/,미국 아마존 셀러 (한국 발송),"한국→해외 배송 물류 대행 서비스 부재, 아마존 시스템 연동 미비",물류 대행 시스템 개발 + 아마존 API 연동,Amazon API,C4,해외/크로스보더 물류,60,미국 아마존 셀러들이 한국에서 해외 배송할 때 사용하는 물류 대행 시스템 개발 및 아마존 API 연동
wishket,https://www.wishket.com/project/119957/,물류 플랫폼 운영사,"배송정보 입력 가능한 웹/모바일 물류 플랫폼 부재, 상주 개발 인력 필요",배송정보 입력 물류 플랫폼 (웹+모바일) 구축,,C3,물류 통합 관리 시스템,63,배송 정보 입력이 가능한 물류 플랫폼 구축 프로젝트. 웹/모바일 지원 필요. 상주 개발자 필요.
wishket,https://www.wishket.com/project/123068/,물류사·화주·컨테이너 화물 운전자,물류사-화주 매칭과 운전자 상하차 관리를 통합한 모바일 솔루션 부재,Flutter 기반 물류 운전자 및 상차 관리 앱 (매칭+상하차),Flutter;Android;iOS,C2,택배/배송 매칭 앱,78,물류사와 화주를 연결하고 운전자가 화물 상하차를 관리하는 Flutter 기반 모바일 앱 개발
wishket,https://www.wishket.com/project/38379/,몽골 유통·물류 기업,POS·창고관리(WMS)·물류 ERP 등 종합 물류 인프라 부재 (해외 현지),POS + WMS + 물류 ERP 종합 시스템 구축,POS;ERP;WMS,C3,물류 통합 관리 시스템,63,"몽골에서 사용될 POS 시스템, 창고관리(WMS), 물류 ERP 등 종합 물류 시스템 구축 프로젝트"
wishket,https://www.wishket.com/project/152801/,수출 물류 현장 담당자 (SAP ERP 사용 기업),SAP ERP ↔ CJ대한통운 시스템 연동 미비로 수동 수출 검증 작업 반복,SAP ERP + CJ대한통운 연동 + 바코드 스캔 자동화 Windows 시스템,SAP ERP;CJ대한통운;바코드스캔,C1,물류 자동화 & ERP 연동,82,"SAP ERP와 CJ 대한통운 시스템을 연동하고, 물류 현장 PC에 연결된 바코드 스캐너로 자동화된 수출 검증 처리를 구현"
wishket,https://www.wishket.com/project/147499/,택배 접수·물류 담당자,"수동 택배 접수 및 운송장 출력 비효율, CJ대한통운 API 미연동으로 반복 수작업 발생",CJ대한통운 택배 접수 API 연동 + 바코드 스캔 자동화,CJ대한통운 API;바코드,C1,물류 자동화 & ERP 연동,82,CJ 대한통운 택배 접수 API 연동으로 택배 접수 및 운송장 출력 자동화. 기존 수동 작업을 바코드 스캔 연동으로 자동화
wishket,https://www.wishket.com/project/1116/,화물 운송 사업자,화물 배차 관리 디지털 솔루션 부재 — 웹·앱 통합 플랫폼 필요,화물배차 관리 웹 + 앱 제작,,C2,택배/배송 매칭 앱,78,화물 배차 관리를 위한 웹과 앱 제작 프로젝트
wishket,https://www.wishket.com/project/152139/,반도체·물류 기업 마케팅/HR 담당자,기업 공식 홈페이지 및 온라인 채용 시스템 부재,공식 홈페이지 + 채용 시스템 구축,,C5,기업 홈페이지 구축,26,반도체 및 물류 전문 기업의 공식 홈페이지 및 채용 시스템 구축 프로젝트
wishket,https://www.wishket.com/project/64855/,물류 관리 시스템 운영팀,기존 Spring 기반 물류 관리 시스템의 주문·배송·상품 관리 기능 미흡 — 고도화 필요,Spring 기반 물류 관리 시스템 고도화 (주문/배송/상품 관리 메뉴),Spring;Java,C1,물류 자동화 & ERP 연동,82,"Spring 기반 내부 물류 관리 앱 시스템의 고도화 기능 개발. 주문 관리, 배송 관리, 상품 관리 메뉴 포함"
