source_platform,source_url,pain_target,pain_detail,desired_solution,alternatives_mentioned,cluster_id,cluster_name,opportunity_score,key_quote
wanted-gigs,https://www.wanted.co.kr/gigs/projects/7951,통합 CMS,콘텐츠 관리 시스템 개발 필요,통합 CMS 개발,Java;API,1,관리자 페이지/어드민/CMS 개발,58,통합 CMS(콘텐츠 관리 시스템) 개발 프로젝트.
wanted-gigs,https://www.wanted.co.kr/gigs/projects/8391,B2B 어드민 UI/UX,카카오모빌리티 B2B 어드민 웹 프로그램 디자인 필요,B2B 어드민 웹 프로그램 UI/UX 디자인,Figma;Slack,1,관리자 페이지/어드민/CMS 개발,58,카카오모빌리티 B2B 어드민 웹 프로그램 UI/UX 디자인 프로젝트.
wanted-gigs,https://www.wanted.co.kr/gigs/projects/11694,인사 ERP 시스템,인사 시스템 ERP 프론트엔드 개발 필요,인사 시스템 ERP 개발 - 프론트엔드,ERP;React;TypeScript,3,통합 업무/ERP 플랫폼,66,"인사 시스템 ERP 개발 프론트엔드. 강남 신사동 상주. 예상 금액 월 400-800만원, 18개월 기간."
wanted-gigs,https://www.wanted.co.kr/gigs/projects/7877,시스템 운영,SK플래닛 시스템 운영 프리랜서 필요,시스템 운영 프리랜서 채용,Allscripts,5,시스템 운영/유지보수,52,SK플래닛 시스템 운영 프리랜서 채용. 주 2회 재택 가능. 예상 금액 월 600-700만원.
wanted-gigs,https://www.wanted.co.kr/gigs/projects/7365,TC시스템 운영,삼성전자 자회사 TC시스템 운영 및 유지보수 필요,TC시스템 운영 및 유지보수,Java;Oracle Database,5,시스템 운영/유지보수,52,삼성전자 자회사 TC시스템 운영 및 유지보수 프로젝트.
wanted-gigs,https://www.wanted.co.kr/gigs/projects/8571,2차전지 SW,2차전지 SW개발 및 유지보수 필요,2차전지 SW개발 및 유지보수,C#;C++,5,시스템 운영/유지보수,52,2차전지 SW개발 및 유지보수 프로젝트.
wanted-gigs,https://www.wanted.co.kr/gigs/projects/9301,홈페이지 유지보수,홈페이지 로그인 개편 및 버그픽스 필요,홈페이지 로그인 개편 및 버그픽스,ASP;MSSQL,5,시스템 운영/유지보수,52,홈페이지 로그인 개편 및 버그픽스 프로젝트. 예상 금액 100-300만원.
wanted-gigs,https://www.wanted.co.kr/gigs/projects/8397,카페24 PG모듈,카페24 스토어 내 일본결제 PG모듈 연동 필요,카페24 일본결제 PG모듈 연동,JavaScript;카페24,6,커머스/결제 플랫폼,65,카페24 스토어 내 일본결제 PG모듈 연동 프로젝트.
wanted-gigs,https://www.wanted.co.kr/gigs/projects/11210,정보보호 모니터링,오픈소스 기반 정보보호 모니터링 시스템 SI 개발 필요,정보보호모니터링시스템 개발(오픈소스 기반 SI),Git;AngularJS;React;VueJS;JavaScript,7,보안/IT 인프라 관리,53,"정보보호 모니터링 시스템 개발(오픈소스 기반 SI). 예상 금액 월 600-850만원, 7개월."
wanted-gigs,https://www.wanted.co.kr/gigs/projects/6928,알바매칭 플랫폼,단기 알바 매칭 플랫폼 하자보수 관리 필요,매칭 플랫폼 하자보수 관리,Firebase;Node.js,8,특수 도메인 솔루션/도구 개발,42,단기 알바 매칭 플랫폼의 하자보수 관리 프로젝트.
wanted-gigs,https://www.wanted.co.kr/gigs/projects/10491,앱 백엔드,앱 백엔드 개발자 필요,앱 백엔드 개발,Node.js,8,특수 도메인 솔루션/도구 개발,42,앱 백엔드 개발자 모집. Node.js 기술 스택 필요.
wanted-gigs,https://www.wanted.co.kr/gigs/projects/10207,계정 관리 연동,Keycloak 기반 계정 연동 작업 필요,Keycloak 계정 연동 작업,Java;Kotlin;Keycloak,8,특수 도메인 솔루션/도구 개발,42,Keycloak 계정 연동 작업.
wanted-gigs,https://www.wanted.co.kr/gigs/projects/5986,모바일 QA,모바일 앱 iOS/Android QA 테스트 필요,모바일 앱 QA 테스트,QA;JIRA,8,특수 도메인 솔루션/도구 개발,42,모바일 앱 (iOS/Android) QA 테스트 프로젝트.
wanted-gigs,https://www.wanted.co.kr/gigs/projects/9728,웹 퍼블리싱,웹 퍼블리싱 개발 작업 필요,웹 퍼블리싱 개발,CSS;HTML;Figma,8,특수 도메인 솔루션/도구 개발,42,재택 병행 가능한 웹 퍼블리싱 개발 작업.
wanted-gigs,https://www.wanted.co.kr/gigs/projects/11185,영상 편집 프로그램,영상 편집 프로그램 웹 개발 필요,영상 편집 프로그램 개발(웹),React.js,8,특수 도메인 솔루션/도구 개발,42,영상 편집 프로그램 웹 개발 프로젝트.
